mark.taylor	tana.jones	sara.shackleton	steven.kean	richard.shapiro	jeff.dasovich	john.lavorato	scott.neal	louise.kitchen	stanley.horton	rod.hayslett	shelley.corman	sally.beck	kenneth.lay	jeff.skilling	mike.mcconnell	rick.buy	elizabeth.sager	gerald.nemec	greg.whalley	jeff.skilling	kay.mann	kenneth.lay	mark.haedicke	michelle.cash	mike.mcconnell	rick.buy	tim.belden	vince.kaminski
bank of korea (69)	global emerging businesses (37)	ccsi (176)	nepi (75)	coex (112)	1860 embarcadero road - suite 210palo alto, ca 94303 (86)	hhub (64)	market area (346)	avon (117)	clear sky (28)	d.mccarty (21)	alliance pipeline (40)	europower 28 (39)	uc (77)	crown (57)	oxy (128)	epmi (67)	portz (40)	wildhorse (414)	eol crude (28)	axis (14)	swpc (193)	lurgi invent (18)	quicklinks (103)	erisa (67)	first gas (71)	vnesh (13)	sylmar (105)	freeserve (32)
.com (66)	energy west incorporated (33)	trading edge (72)	thermoretec (55)	rte (51)	@ berkeley (76)	gd/d (45)	restrictions market area (242)	gtv (73)	swd (27)	big sandy (20)	pecos river (23)	europower (30)	csu (63)	orix (36)	jdf (88)	bnp paribas (59)	first energy solutions (18)	crescendo (145)	ipe holdings (24)	adventis (9)	certosa holdings (142)	ge medical systems (15)	amparo (34)	eeac (31)	enhome (35)	pug (11)	central rockies (86)	aiesec polska (25)
bvi (51)	glencore commodities limited (30)	valentis (55)	txoga pipeline committee (42)	impower (47)	sacramento ca (66)	mcgowan (13)	wgphou (153)	ubswenergy.com (40)	imi (24)	333 clay streethouston, texas 77002 (19)	gms (22)	47 park (26)	hms (27)	hfd (34)	ou (80)	southern california edison (49)	california power exchangebank (18)	enogex (52)	synerg (22)	custom feeds (8)	pompano (97)	atlantic copper (12)	cade (20)	ecogas s.a. (26)	mosk (32)	gorte (11)	economic insight, inc. (84)	anshuman (25)
enron credit.com ltd (36)	lox (26)	cd holdings (53)	rich products (39)	comae (45)	gas select (49)	spanish bay (11)	transcontinental gas pipe line corporation (142)	china airlines (34)	msdw trust (24)	southern trail pipeline (17)	line 1100 (16)	bas (25)	nopr (24)	tridata (26)	first gas (71)	obsf (45)	american electric power company inc. (15)	enron compression services company (49)	silver oak (20)	1400 smith st (7)	enext (93)	freeport mcmoran (9)	inter-american development bank (20)	ilo (20)	atlantis (32)	duferco (10)	s. california (72)	t.com (24)
.com. (35)	petrovantage (22)	wpg (42)	hgac (35)	dlc (40)	csuf (33)	chippawa (9)	algonquin (87)	fininvest (34)	enron liquids holding corp. (20)	enron rac (16)	western frontier (15)	ncl (24)	wto (23)	mcnic (24)	andersen (62)	mariner energy, inc. (41)	scs (14)	huber (49)	enron fuels caribbean, l.p. (18)	lagrange (6)	new york hotel (89)	global express (8)	ste. aurelie timberlands co., ltd. (19)	adea (19)	fma (20)	psi net (10)	sp-15 (58)	upseb (24)
monmouth (35)	fletcher challenge (21)	new guinea (40)	esc executive committee (33)	abraceel (36)	opus one (27)	pjm icap (8)	march of dimes (64)	newspaper operations (34)	eott board (17)	richardson products co. (15)	ceesi (15)	genoil (20)	nsc (23)	enterprise storage team (19)	gm (40)	580 westlake park blvd., suite 1300houston, tx 77079 (40)	1400 smith street, suite 2083houston, texas 77002 (14)	wic (44)	waterdesk corp. (18)	argy (5)	shutts & bowen (83)	holocaust museum (7)	cpb (18)	dol (19)	aramco (18)	balli group (9)	nw/n. rockies (56)	ebs research (22)
vipers (30)	bank austria (20)	mscs (38)	wattage monitor (32)	asmae (33)	neutrogena (24)	indi (8)	terrebonne (55)	evp (33)	wind co (16)	clements (13)	line 1110 (13)	mtm 30 (19)	ril (21)	universal (18)	hitachi (39)	cdwr (39)	ameren energygpu energy (13)	san arroyo (43)	enron bw holdings ltd. (13)	ypo (5)	geae (78)	targetta (6)	psm (18)	littler mendelson, pc (18)	poweredge 2450 (15)	alaghband (8)	na na (46)	sam houston park (21)
usvi (30)	idemitsu kosan co ltd (20)	ciesa (32)	fs/isac (30)	abradee (32)	abag (24)	chic (8)	nat fuel (54)	at&t consumer (32)	pro shop (15)	trailblazer w/s.horton, d.mccarty (12)	aux sable (13)	naba (18)	arc (21)	fairmont, b.c. (15)	eb32c2 (38)	enron energy marketing (38)	broadmoor hotel (12)	tbi (40)	ena upstream assets company, llc (12)	wrobel (5)	perc (71)	northern gas pipeline route (6)	gasbol (18)	eleventh circuit (16)	taisei (15)	fbi/doj (8)	western pjm (42)	c.com (20)
envera network (27)	utah municipal power agency (20)	limitrader (31)	pna (30)	consol (27)	dpca (24)	buff (8)	cng (51)	hearst magazines (31)	ets it (11)	brasher (11)	western canadian sedimentary basin (13)	dorado (16)	utc (21)	saskatoon, sk (15)	enhome (35)	verity (26)	southern california edison companybank (12)	kachina (39)	waterdesk (12)	tully stadium (4)	campbellking & spalding (71)	texas heart institute (6)	gasmat (18)	tenth circuit (15)	agip (12)	owc (8)	encina (41)	enron corp. research group (19)
k&c (25)	bp products north america inc. (18)	market axess (29)	green-e (28)	mic (27)	csu fresno (24)	5000 westheimer (8)	maritimes (50)	enron east power marketing, inc. (27)	todoroff (10)	morris (9)	pg&e texas (12)	confirmcorp (15)	vanguard (18)	southwest power llc (14)	clickpaper (35)	as400 (26)	ckmadi (11)	tglo (30)	eim/ews (11)	kuhf radio (4)	rorschach (67)	ge medical (6)	state bar of michigan (16)	nmb (14)	eskom (12)	calgary operations (6)	inland sw (40)	hamachi (19)
sports.com (24)	e.on kraftwerke gmbh (18)	ftu (29)	metgas pipeline (28)	global regulatory affairs (26)	cesg (24)	apag (7)	national fuel (49)	east ft (23)	enercon (10)	rutherford consulting (9)	westar industries (12)	globalflash (15)	lurgi invent (18)	ems (14)	atlantis (32)	d&o (25)	virginia electric power co. (10)	lrci (29)	millesine (11)	channel 48 (4)	sdec (54)	swb (6)	gulf oil limited partnership (16)	eighth circuit (14)	billiton (12)	congressional committees (6)	grand coulee (38)	amc (18)
moorings (23)	forestweb (17)	carr (27)	new albany power (26)	sok (25)	green power partners (23)	orig - (7)	southern natural (46)	missile systems (23)	glasford (10)	grand foyer (8)	westernresources (12)	shona (15)	icap (18)	axis (14)	mosk (32)	inktomi (24)	oge energy resources (10)	patina (29)	jacquart (10)	channel 45 (4)	palacios (52)	myhomekey.com (6)	lgi (15)	nlra (13)	redcar (12)	accro (5)	bridger (35)	sycamore (17)
jet kero (22)	tfs (16)	catalytica combustion systems (26)	welsh (26)	inpower (24)	montebello (21)	ne/det (7)	leidy (45)	enrononline north american gas (21)	board rm (9)	nalmp (7)	enron interstate pipelines (12)	contactlogic (15)	rtos (16)	at&t. (12)	woodside (32)	power exchange (24)	minnesota power & light (10)	wfec (28)	taittenger (10)	sprint business (4)	bogey (50)	common stock (6)	rio negro (15)	united steelworkers (13)	gaf (12)	enron direct canada corp (5)	sw first, portland, oregon 97201 (35)	great divide lodge (16)
eol korea (21)	sithe power marketing, l.p. (16)	fimat group (26)	pandesic (25)	haywood power (24)	picturetel (19)	east midstream qbr (7)	union county, new jersey (43)	legend (19)	associate prc (9)	adaytum (7)	red cedar gathering (11)	asheville (15)	rto (16)	international fire chiefs (12)	gaza (31)	risktrac (24)	indiana power & light (10)	rusk (24)	perrier (10)	sprintrose (4)	rorschach, reagan (49)	t-rex (6)	enron global assets board (13)	chapman & scott corp. (13)	houston metropolitan racquet club (11)	alberta direct (5)	epmi california services (34)	1400 smith streetroom eb1962houston, tx 77002-7361 (15)
andromeda (21)	coast energy canada, inc. (16)	wexford (24)	conservation international (25)	cne (23)	california republican party (19)	meu (6)	linden regulator station (42)	magna international (19)	umanoff (9)	goodwill (7)	pnr (11)	fte (14)	sysco (15)	mayors office (12)	moody gardens hotel (29)	pg&e corp. (20)	ip&l (10)	ntec (22)	winesearcer.com (10)	datacentric (3)	pal (48)	carrier (6)	quicklinksnews & moves (13)	teamsters (12)	red sea (10)	jewish community center (5)	emr (26)	catex (14)
oclp (20)	rag american coal sales company (16)	isi (24)	saic (25)	government & regulatory affairs department (19)	perfect (19)	millstone (6)	centerville regulator station (42)	distrigas (18)	aura (9)	enron fleet council (7)	kmigt (10)	energy ops (14)	hanover (15)	vivendi (11)	crra (28)	pdx/ect (19)	cargill alliant llc (10)	tsa (16)	quan vintage wine retail (9)	genscape (3)	ameresco (46)	alnwick castle (6)	nrai (13)	labordepartment (12)	shreveport (10)	gb 58 (5)	helms pgp (24)	wefa (14)
sportsline.com, inc. (20)	enron canada isda (16)	ect investments inc. (24)	enron sa (25)	florida joint house and senate committee (18)	mendocino (19)	cinci (6)	station 180 (42)	go britain (17)	gas producers (8)	sensecorp (7)	la plata (10)	cara (14)	ge medical systems (15)	@eott (11)	university of oklahoma (27)	enron americas gas (19)	boston electric (10)	townsend, george (15)	alexander valley (9)	bellville (3)	czab (45)	gv (5)	ucs (12)	court of chancery (12)	e-power japan (9)	kingsway house (5)	he 1300 (24)	amitava (14)
mg london inc (20)	enron nda (15)	ect europe finance, inc. (24)	scgas (25)	sso (16)	gotham interactive (18)	clev (6)	leidy east (41)	athens olympiccommittee (17)	rav (8)	mavrixmavrix transportation trading corp. (6)	payson citygate (10)	enfiber (13)	ustr (15)	1400 smith (10)	bhp (26)	adc (18)	beco (10)	@xom (14)	enron fuels company (8)	national multiple sclerosis society (3)	highlander (42)	vengas (4)	p.c. (10)	uaw (11)	bremen (9)	dj s&p (4)	pge park (22)	anjam (14)
physical gas (19)	us gas phy fwd (15)	buysidedirect (23)	sdut (24)	wgu (15)	pps (18)	cushion gas (6)	stento (40)	esquel group (17)	dfs international, inc. (8)	15229 kuykendahl (6)	price, ut (10)	enron net worksoffice (13)	asep (12)	mcnic pipeline (10)	steering committee (26)	global finance (17)	lockbox (9)	tgpl (14)	la grande dame (8)	breakfast club (3)	ledford (41)	intellinet (4)	lopez velarde (10)	ibt (11)	sadaf (9)	williams energy marketing & trading, inc. (4)	. rockies (20)	aiesec (13)
ngtl (19)	bcs (15)	catalytica, inc. (22)	folded edge (22)	wat (15)	pac tel (17)	mortons steak house (5)	cabot (39)	steilmann group (17)	candover (7)	northfield (6)	uinta basin (10)	rankin road (13)	atlantic copper (12)	mcn energy (10)	irs (24)	city light (17)	central mainecitizens communications co cp&l (9)	aspiring youth (14)	towergroup (6)	vanderbilt university (3)	northwestern corporation (37)	northumbria (4)	icsid (9)	district of columbia circuit (11)	honda (9)	enron global finance group (4)	nas. california (19)	thames water (12)
4 times square, 42nd floornew york, ny 10036 (19)	aes eastern energy (15)	catalytica combustion systems, inc. (22)	world wildlife fund (22)	aff (15)	squaw (17)	midstream (5)	sta. 180 (39)	chinachem (17)	raveneaux (7)	faribault (6)	department of law and public safety (10)	ford career center (13)	ins (12)	northeast utah (10)	st. lucia (22)	knowledge networks (16)	unisil (9)	southern timbergrowers (14)	archipelago (6)	north shepherd (3)	dbec (36)	concorde (4)	elaw (9)	n.l.r.b. (11)	bocimar (9)	merlin clo (4)	he 1200 (19)	chelmsford, ma (12)
skadden, arps,slate, meagher & flom, llp (19)	navajo tribal utility authority (14)	aesc (22)	port angeles (22)	barton rto (15)	level 3 (16)	links (5)	station 520 (38)	dogan group (17)	nbp dakota (6)	afudc (6)	western pennsylvania (10)	chanute road (12)	commerce committee (12)	a&a (10)	dolphin (21)	autonomy (16)	4100n (9)	stagecoach (14)	enron broadband serviceshuman resourcesoffice (6)	enron transportation servicesp.o. (3)	pompano beach (34)	energy marketing institute (3)	treasuryconnect (8)	national laborrelations board (11)	jli (8)	crra/fuel cell energy (4)	corners (17)	p3-600 (12)
hylsamex (18)	ashland, inc. (14)	eisl (20)	port angeles, washington (22)	venable (14)	netrail (16)	pebble beach golf links (5)	south virginia lateral compressor station (38)	tempstaff (17)	navajo epa (6)	fenstad (6)	kazakhstan (10)	rankin (12)	trade promotion authority (12)	adventis (9)	fma (20)	ypf (16)	pacificorp power marketing (8)	kennedy oil (13)	global finance europe (6)	sector-16faridabad 121002, india (3)	northwestern corp. (34)	lakshmi (3)	centrans (8)	texas court of criminal appeals (10)	enron - worldwide (8)	desarco (4)	redondo (16)	19th floor (12)
heaven (18)	ppl corporation (14)	trading edge, inc. (20)	ada cogen plant (20)	ministry of energy science &technology (14)	sandpiper (16)	ihs (5)	m1 (35)	vivienne cox group (17)	ami (6)	wickieup (6)	gaines county (10)	mccombs school (12)	exim (11)	custom feeds (8)	pacificorp (20)	sst (15)	american electic power service corporation (8)	marsh usa (13)	administratorcorp. services (6)	1, h.q., s.c.o. (3)	e-next generation llc (33)	rite aid (3)	evelocity (8)	fifth circuit (10)	2 houston center (8)	haug (4)	he 1100 (16)	orillion (11)
esign (16)	proxicom (14)	nippon chemi-con (19)	texas nature conservancy (20)	governmental & regulatory affairs (14)	portland or (15)	mexico yzaguirre (4)	fallen timber (33)	tcl holdings (17)	richmar group (6)	acsec (5)	tms (10)	okc (12)	aspen (11)	rice (8)	apachi (20)	im (15)	aquila power corporation (8)	wellstar (13)	juniper gp, llc (6)	ytc (3)	edgecombe (33)	zambeel (3)	36th district court (8)	1400 smith street, eb3833houston, tx 77002-7361 (10)	panamax (8)	electrical district number two (4)	nan. california (15)	cplex (11)
enron corporate development group (16)	uamps (14)	bear, stearns (19)	foe (20)	gfu (14)	izio (15)	maffitt (4)	equitrans (33)	invensys (17)	equilon board (6)	redfield (5)	west of thoreau (9)	south kensington (12)	ritz (10)	houston fire chief (8)	aramco (18)	hewlitt packard (15)	ubswarburgenergyonline (8)	misako (13)	sweickley, penn (6)	california university (3)	fuelcells (33)	wbcsd (3)	fasken martineau dumoulin (8)	national mediation board (9)	enron art committee (7)	international credit group (4)	thermalito (15)	london research group (11)
enron energy services, llc (16)	cp/not (13)	csfb international (19)	maxwell afb (20)	swg (13)	cera/ucla (15)	detmering (4)	lanham (33)	dow styrenics &engineeredprod. (17)	pennslylvania (6)	opi (5)	mainline 104 (9)	global systems (12)	department of energy (10)	att (7)	epcc (18)	ecc (14)	portz, david (8)	rio nogales (13)	enron fuels company ii, llc (6)	datacentric broadband (2)	lake woodlands (33)	historic trade (3)	palacio del rio, ltd. (7)	u.s. postal service (9)	wsu (6)	71 eardley court (4)	he 1700 (15)	vasant (11)
efr (15)	sacks (13)	gsi (19)	jv coal mine (20)	tenn. (13)	utilityguide (14)	1919 briar oaks lane houston, texas 77027 (4)	toledo (33)	qantas (17)	gibbs (5)	tw direct (5)	topack and needles (9)	chicago cubs (12)	tpa (10)	district 34 (7)	gpg (18)	vnesh (13)	hodes, ulman, pessin & katz, p.a. (8)	hplr (12)	enron fuels company i, llc (6)	telcos (2)	eepc (32)	charles schwab & co. (3)	hilton hotels corporation (7)	eeo (9)	jade (6)	houlihan (3)	weather derivatives (14)	vacant (11)
eft (14)	pg&e energy trading - power l.p. (13)	kawasaki (18)	eletrobolt pps (20)	gw (13)	california healthcare association (14)	st regis hotel (4)	ramapo (33)	vivendi universalpublishing (17)	ft. union (5)	sourcenet (5)	dawn, on (9)	josephine house (12)	pntr (10)	kern & assoc (7)	enron wholesale services group (18)	grmo (13)	701 pennsylvania avenue, n.w.washington, d.c. 20004 (8)	houston, texas 77070 (12)	george p&l. (6)	genscape, inc. (2)	lv co gen (32)	millennium pharm (3)	enron 2000 holiday party (7)	1900 chevron tower1301 mckinney streethouston, texas 77010 (9)	mulva (6)	qf purchase (3)	luscar (14)	mscf (10)
jet kerosene (14)	amoco oil company (13)	tp600 (18)	gob (20)	governmental affairs (13)	tradex (14)	cgulf (4)	e1 (33)	bupa (17)	baird (5)	brindle (5)	northern im (9)	ruggles center field terrace (12)	riordan (9)	preng assoc (7)	uog (16)	calpx (12)	janice (7)	ecs compression company, l.l.c. (12)	fs 360 corp. (6)	bastrop state park (2)	derm (32)	international energy agency (3)	eri8 (7)	third circuit (8)	athlon (6)	jcp (3)	he 1400 (14)	wharton risk management and decision processes center (10)
enrononlinev (14)	aspen technologies (13)	mlcsny (18)	mobile energy services company (20)	secretariat of energy (12)	mbd (14)	tetm3 (4)	dranesville (33)	shell gas & power (17)	nbp lp (5)	interconnects (5)	centralia, il (9)	toyko (12)	freeport mcmoran (9)	1400 smith st (7)	galveston (16)	enron capital & trade resources limited (12)	core (7)	hattiesburg (12)	chiricahua xx llc (6)	1400 smith street, eb5017houston, tx 77002 (2)	matagorda county fair & livestock association (31)	duchess (3)	event resources incorporated (7)	international labor (8)	korea telecom (6)	upstream group (3)	hub gas (13)	3600 sansom street philadelphia, pa. 19104 (9)
btb (13)	eonxchange (12)	deseret (17)	varnum (20)	ministry of industry (12)	navfac (13)	cngap (4)	e13 (33)	london stockexchange (17)	harris county district attorneys special crimes unit (5)	glasgow (5)	sbs (9)	cgi (11)	efs (9)	tyra (7)	turret (16)	banque paribas (12)	nstar electric (7)	jm (12)	waterdesk.com (6)	shell energy services (2)	delta affiliate (30)	hanover compressor corp. (3)	inside f.e.r.c. (7)	ufcw (8)	international data corp. (6)	rocar (3)	he 1500 (13)	polsce (9)
tri-union (12)	enron net works l.l.c. (12)	quark power (16)	urban retreat (20)	my2001 (12)	ebs, inc. (12)	teco pool (4)	emporia i (33)	nokia networks (17)	bu7enos aires (5)	synfuels (5)	southern wisconsin (8)	first city (11)	eip (9)	international association of fire chiefs (7)	sk-enron (16)	@home (12)	niagara mohawk energy (7)	eb35c1 (12)	enron metal.the (6)	tohoku province (2)	calumet (30)	gallareria ii (3)	egpp (7)	senate health, education, labor, and pensions committee (8)	lng division (6)	edzk (3)	ubs warburg energy, llc (13)	iab (9)
cfia (12)	credit2b (12)	goldman international (16)	element re (19)	baseload (12)	dynegywilliams energy marketing & trading (11)	tecop (4)	e3 (33)	singaporetechnologies (17)	eei/gisb (5)	eott/ets (5)	southeastern wisconsin (8)	bearkadette (11)	o-i (9)	selection committee (7)	sabic (15)	big pig (11)	aepesi (7)	cavern (12)	millesine brut (6)	bike ride (2)	pegasus (30)	louise blum (3)	detroit, 13th floor penobscot building (7)	vesting (8)	logistical solutions (6)	kibar (3)	nacob (12)	cmu (9)
viper (12)	tana jones inc. (12)	gsc (16)	us house of representatives (19)	orr (12)	pacific gas & electriccpuc (11)	gd/d opal (4)	downingtown (33)	ford europe (17)	eei/ubp (5)	3cmark (5)	ndg (8)	msap (11)	state (9)	bkh (7)	taisei (15)	utility reform network (11)	aep operating companies (7)	precorp (12)	jouet brut (6)	new york 5 boro (2)	voyager (30)	urban financial group (3)	smart (7)	flsa (8)	chem connect (6)	london logistics (3)	1300 (12)	up government (9)
enrononline l&p (12)	enron europe dept (12)	enron investment services ltd (16)	backweb (19)	belchatow (12)	12647 (11)	texas rrc (4)	ellwood city (33)	high-speedrailway (17)	sea world (5)	oma 7c2 (5)	pg&e gt-nw (8)	1728 post oak blvd. (10)	maharashtra government (9)	fire station #6, 3402 washington ave. (7)	v&v (15)	u.s. gas logistics (11)	enron coal services limited (7)	patina oil and gas (12)	transsupport (5)	houston fire (2)	coconut creek (30)	omnibank (3)	443 congress st., p.o.box 11410, portland, me (7)	aesop (8)	transammonia (6)	fin ops (3)	chewco investments l.p. (12)	1400 smith, suite eb-4573ahouston, tx 77002 (9)
menorca (12)	exxon power team (12)	washington state pud (16)	committee on specific committments (19)	global one (12)	la goleta (11)	inn at spanish (4)	c12 (33)	telia sweden (17)	ew americas (5)	southern trails west leg (5)	wright express (8)	bce emergis (10)	global express (8)	fire chief (6)	moody gardens (15)	u.s. power risk (11)	mdck (7)	planergy (11)	posoli (5)	mangerpower grid corp. (2)	sel (30)	oatis enterprises (3)	ueta (6)	alliedsignal (7)	bank of indonesia (6)	enron europe gas trading (3)	ljm deal (12)	m300/m700 (9)
port vendres (12)	tradespark, l.p. (12)	thermo ecotek (16)	harza (18)	baltic cable (12)	grc (11)	south caralina (4)	windridge (33)	integratednetwork lucentsolutions (17)	nw natural gas (5)	75 s. west temple, salt lake city, ut 84101 (5)	eb1336 (8)	303 w. 15th st. (10)	davos (8)	fire fighter (6)	intel (15)	u.s. gas risk (11)	antonio city public servicereliant hl&p (6)	whp (11)	augusta national (5)	investor relationsexecutive committee (2)	mountaineer (29)	lowen (3)	detroit legal services clinic (6)	international labor organization (7)	fg (6)	south america operations (3)	naughton (11)	m700 (9)
tdcc (12)	west physical power, buys and sales (12)	csfbi (16)	cuiaba pipeline (18)	arizona commission (12)	hertz (11)	mercer st. houston tx77005 (4)	pennsburg (33)	janet davidson group (17)	ibew local 125 (5)	180 east 100 south, salt lake city, utah (5)	orlando cogen (8)	mrm (10)	beijing (8)	ms (6)	poweredge 2450 (15)	pug (11)	green mountain power corp. (6)	unimark (11)	fein treasury (5)	vaughan, nelson, scarborough &mccullough, l.p. (2)	e-next (28)	wilson financial (3)	icle (6)	supremecourt (7)	bhp billiton (6)	house energy and commerce (3)	corondado (11)	vijayawada (9)
transocean sedco forex inc. (12)	enron europe cp (12)	union spring (15)	sep (17)	lagoon creek (12)	aquilael paso natural gassouthern california generation coalition (10)	overdyke (4)	hooker (33)	golden westfinancial (17)	portland community (5)	trans pecos (5)	vcard (8)	enron ut (10)	us chamber (8)	global databases (6)	dubai (15)	gorte (11)	lpdynegy marketing & trade (6)	great wall (11)	roederer (5)	1300lamar street (2)	fuelcell energy, inc. (28)	conneco (3)	mdtc (6)	hollywood park, inc. (7)	vulcan (6)	balli-klockner (3)	nw3 (11)	hyderabad (9)
match (11)	taunton municipal light plant (12)	fusi (15)	rtp (17)	wecc (11)	fpl fibernet (10)	ontario peaker (4)	eagle (33)	lifetimetelevisionnetworks (17)	spectrum (5)	colorado department of revenue (4)	dl-ets (8)	heart hospital (10)	indian embassy (8)	1400 smith st floor (6)	pdvsa (15)	sk global (10)	mirant americas energy marketing, (6)	compression services (11)	chiricahua i llc (4)	associate & (2)	e-next generation (28)	dcc wireless (3)	fba (6)	merritt-chapman & scott corp. (7)	vulan (6)	electrol (3)	socal border (11)	buffalo bayou (9)
congressman (11)	genesis ventures (12)	itg (15)	fs/isac, llc (17)	kirk house (11)	epik communications (10)	m&a for broadband (4)	delmont (33)	abc cable networksgroup (17)	gm spain (5)	tristate (4)	nmi (8)	terrace (10)	doha (8)	korn ferry international (6)	nws (15)	sk gas (10)	wabash power (6)	alamodome (10)	augusta (4)	ena azurix eecc corp sa (2)	devco (28)	journee software (3)	hellenic bar association (6)	oler (7)	eastern saudi (6)	citylight (3)	kalport (11)	warszawa (8)
keswick (11)	torch energy marketing inc. (12)	credit suisse first boston international (15)	rassau (17)	mem (10)	coast to coast (10)	seattle pickmphil (4)	unionville (33)	globalprescriptions pharmacia (17)	aerpac (5)	team ets (4)	cheyenne hub (7)	bas canada (9)	division of enforcement (8)	verio (6)	elba island (14)	duferco (10)	txu energy tradingui (6)	howell (10)	markchiricahua i llc (4)	apachi ees-it calme (2)	property owners association (28)	acs (3)	thomas m. cooley law school (6)	n-form group (6)	originator (6)	aepa (3)	he 1000 (11)	antlers ridgeeden prairie, mn 55347 (8)
pulpex (11)	cibc world markets plc (12)	ectef (15)	uk dti (16)	ppo (10)	tou (10)	holst (4)	north greenwood (33)	u.s. consumer prudential (17)	beckett (5)	gray county interconnect (4)	m.l. no. (7)	transactionhub (9)	ljm2 co-investment (8)	espeed (6)	commodity logic (14)	kitchen (10)	ekt (6)	txrrc (10)	totaltele.com (4)	908 congress st.valet (2)	optionor (27)	cabo, l.p. (3)	cummings, mcclorey, davis & acho, p.l.c. (6)	maytag (6)	@texas (5)	vastar key production co. (3)	two world trade center (11)	italia (8)
squaretrade (10)	vwd (12)	emmti (14)	farc (16)	pataki (10)	global photon (10)	carrabean (4)	b17 (33)	new yorktimes co. (17)	marsh mac (5)	ets prc (4)	chicago hub (7)	emw (9)	ljm cayman (8)	lagrange (6)	enron global markets llc (14)	clickathome (10)	broadmore (6)	ecs/ees (10)	enron fuels company, (4)	tascas (2)	deerfield development review committee (27)	mbna (3)	locke liddell & sapp llp (6)	national bureau of economic research (6)	shockers (5)	darc resources (3)	he 1800 (10)	famas (8)
ecfc (10)	lbh (11)	harrier i llc (14)	xl capital ltd. (15)	pscs (10)	cfee (10)	toronto office (4)	highland (33)	j.p morganchase privatebank (17)	power councils (5)	waugh (4)	dawn hub (7)	eops (9)	centre (8)	argy (5)	j. p. morgan (14)	pw (10)	1 lake avenuecolorado springs, co 80906 (6)	merrick (10)	eintegrators (4)	box 1188suite 3ac3120houston, tx 77251-1188 (2)	coop city (27)	guatamala (3)	enron cycling club (6)	mainline contracting corp. (6)	euell (5)	hughes-rawls epl (3)	civic stadium (10)	amadeus (8)
duke energy trading & marketing (10)	loudcloud (11)	ena/ect investments inc. (14)	accredited standards committee (15)	g&ra (9)	alcosta blvd., suite 500san ramon, ca 94583 (10)	wilkens weather (4)	b11 (33)	fidelity personalinvestments (17)	team andrews (4)	omaha room (4)	vbs (7)	hardy toll road (9)	the hindu (8)	wrobel (5)	metgas (14)	im task force (10)	arab bank plclc (6)	prarie lea (10)	ponsardin (4)	park place (2)	a & k (26)	telephonica (3)	sun & ski (6)	kmart corp. (6)	amin (5)	hedges (3)	portland beavers (10)	777 clay (8)
hell (10)	us gas phy index firm (11)	fimat usa inc. (14)	marianas energy company (15)	sps (9)	oat (10)	nicor city gate (4)	dungannon (33)	allen & co. (17)	lakehead (4)	mayeux (4)	twp (7)	panama city (9)	falcon (7)	ypo (5)	ni (13)	udcs (10)	banca di romalc (6)	pb-kbb (10)	domla grande dame (4)	ustreasury (2)	king county (25)	latinanet (3)	sun & ski sports (6)	occupational safety and health administration (6)	ioc (5)	armstrong (2)	he 2100 (9)	19c2 (8)
vivendiryder systems (10)	us gas phy fwd firm (11)	jsb asset llc (14)	indaco (15)	new dem (9)	e-19 (10)	virginia natural gas (4)	b10 (33)	consumer group (17)	felder (4)	trailblazer pipeline (4)	epsq (7)	the josephine house (9)	holocaust museum (7)	firechief.com (5)	uat (13)	u.s. gas and power confirmations and settlements (10)	bayerische hypo-und vereinsbanklc (6)	hubbard (10)	caicos (4)	sub-saharan (2)	e next (25)	televisa (3)	sde (6)	national labor relationsboard (6)	caesar pelli (5)	armstrong world industries (2)	he 1600 (8)	wydawnictwa naukowo-techniczne (7)
nice (10)	anp power marketing company (11)	north coast (13)	dames & moore (15)	qses (9)	opus (10)	vn (4)	broad run (33)	hp services (17)	fdep (4)	rockford g (4)	gas control (7)	sheri (9)	enron worldwide (7)	fire (5)	eskom (12)	psi net (10)	pacific gas & electric companybank (6)	myrtle beach (10)	turks (4)	stone & webster (2)	dominion gas (25)	pegasa (3)	doyle 7b (5)	united auto workers (6)	dpc/mseb (5)	arcadia energy corp (2)	fresno grizzlies (8)	etsweb (7)
ebs point of presence (9)	imperial oil resources (11)	harrier (13)	powertel (15)	ews/eeos (9)	cameron (10)	triple lutz and trantula (4)	b12 (33)	vivendiuniversal (17)	generation investments group (4)	property accounting users group (4)	mondy (7)	josephines house (9)	enron gov. affairs (7)	red duke (5)	billiton (12)	perry gas (10)	bank of america, national associationlc (6)	1400 16th street, suite 310denver, co 80202 (10)	caymus (4)	sri (2)	7fas (24)	eglobe (3)	lng group (5)	bureau of economic analysis (6)	denton hall (5)	enron seoul (2)	mt. bachelor (8)	1000 louisiana street, suite 1095houston, tx 77002 (7)
ece (9)	us east power phy spd (11)	mscg (13)	txoga (15)	sro (9)	sjsu (9)	hawaii sec 125 trust (3)	brinker (33)	universal pictures (17)	natural gas co. (4)	40wessexwater (4)	spraberry area (7)	astros group (9)	-cheney (7)	entelligence (5)	olng (12)	em&cl (9)	australia and new zealand banking group limitedlc (6)	crawfish (10)	pj fluer (3)	3096h (2)	yazoo city power plant (24)	e&p m&a (3)	company secretarial group (5)	pne (6)	core venture 2 (5)	na gas commodity group (2)	nacentral rockies (7)	po box 98004waco, tx 76798 (7)
enron credit.com ltd. (9)	ejasent (10)	anker (13)	is&s (15)	opole (9)	gart sports (9)	grill 2630 westheimer (3)	waynesburg-rhinehart (32)	merck (17)	nspwis (4)	wessex insurance (4)	pecos river compressor station (6)	columbia school of business (9)	dpr - concentration (7)	associates (5)	redcar (12)	panther creek (9)	ella (6)	lockhart (9)	chiricahua xiv llc (3)	msas (2)	mississippi valley gas (24)	freeport mcmahon (3)	broadband services group (5)	dlgp (6)	us west coast (5)	cuiaba gas supply restructuring (2)	cholla (7)	icbi (7)
deutsche telekomtechnost international (9)	africaone (10)	sharebuilder (13)	white house council on environmental quality (15)	puls (9)	bullard (9)	the st. regis hotel (3)	e2 (32)	southwestairlines (17)	vgt (4)	azurix corp (4)	carlsbad fire department (6)	arcordia (9)	ceg (6)	atomfilms (5)	gaf (12)	enron building 50th floor boardroom (9)	washington square, suite 1200 1050 connecticut avenue, n.w. washington, d.c. (6)	sppc (9)	chiricahua xiii llc (3)	houston business journal (2)	new york hilton (24)	global strategic souring (3)	lexis and westlaw (5)	tindall & foster, p.c. (6)	nic (5)	empresa petrolera andina sa (2)	etr (7)	15 greenwich hills drivegreenwich, ct 06831 (7)
nat gas indexes (9)	unicom energy inc. (10)	asia ltd. (12)	global integrity (15)	carolina power and light (9)	east bay municipal utility district (9)	samerican (3)	b18 (32)	carlson companies (17)	enron global assets & services (4)	athenaeum (4)	nce (6)	crude & products (8)	beverly hills (6)	us west (5)	jcc (12)	sloan school (9)	mcguirewoods llp (6)	cozumel (9)	chiricahua xii llc (3)	shop table (2)	enron llc (24)	bay networks (3)	isda board (5)	event resources (5)	enron today (4)	ypf sa (2)	the dalles (7)	nj alliance (7)
cybersettle (8)	2advanced studios (10)	salerno (12)	eqb (15)	efsec (9)	e220 (9)	west mid market (3)	gelp (32)	colgate-palmolive (17)	navajo nation (4)	ferc data warehouse (4)	ruby (6)	natchez (8)	maine (6)	hollingsworth (4)	webmodal (12)	new economy value research lab (9)	sd warren (6)	entrada gas (9)	chiricahua xi llc (3)	1400 smith, conference room 50m3 (2)	wlb (24)	nortel networks (3)	bear/cps (5)	adchem corp. (5)	fortune global (4)	hyc (2)	easterninterconnect (7)	pserc (7)
enargas (8)	merita (10)	m1a-13x (12)	puerto rico environmental quality board (15)	ministry of the environment (9)	1997 (9)	roce (3)	mobile bay lateral (31)	motion picturegroup (17)	wind company (4)	labarge steel (4)	natural gas pipeline co. (6)	cesiv (8)	ciena (6)	sdl (4)	venezuela (12)	ees/ews (9)	epmi/ena (6)	mexicana de cobre (9)	chiricahua x llc (3)	firstworld (2)	lnx (23)	333 clay st., suite 3800houston, tx 77002 (3)	public records (4)	u.s. patent andtrademark office (5)	miami beach, florida (4)	taunton municipal lighting plant (2)	global risk controls (7)	churrasco (7)
enron trading services inc (8)	seminole electric cooperative, inc. (10)	ephxii (12)	nam osha steering committee (15)	eia doe (9)	mindspring (8)	1919 briar oaks lane, houston, texas 77027 (3)	martins creek (31)	barclays globalinvestors (17)	tacke (4)	nuovo pignone (4)	kingman (6)	catalytica energy systems (8)	vanguard venture partners (6)	channel 26 (4)	agip (12)	enron global markets global (9)	ascc (5)	maggie maes (8)	chiricahua ix llc (3)	concert (2)	anglers (23)	honors college (3)	winston strawn (4)	bureau of laborstatistics (5)	bonnard (4)	assurance (2)	he 2000 (7)	central research institute of electric power industry (7)
office of congressman (8)	brant-allen industries, inc. (10)	wexford capital (12)	ehs corp. (15)	italian tso (8)	nap of the (8)	new albany, llc (3)	cecil (31)	omnimedia (17)	gisb office (4)	pg &e (4)	griffith energy power plant (6)	doorstep (8)	gkh (6)	npr (4)	amd (12)	cta (9)	new alpany peaker (5)	texas geoscienceexxonmobil production co. (8)	chiricahua viii llc (3)	tirr (2)	bagwell (21)	university of houston - md anderson library (3)	neuquen (4)	amfa (5)	huskers (4)	australian government (2)	he 2200 (7)	denki shimbun (7)
icis (8)	alliant energy corporation (10)	mlib (12)	dgh (15)	eeis (8)	e-freedom coalition (8)	tz3 (3)	c23 (31)	ogilvy & matherworldwide (17)	downunder (4)	cullen theater (4)	citizens arizona gas (6)	global products and coal (8)	worldcom (6)	kuhf radio (4)	avistar (11)	eas (9)	seams - western connection interface (5)	pan alberta (8)	chiricahua vii llc (3)	sirocco systems (2)	margate (21)	baylor college of medicine (3)	international center for the settlement of investment disputes (4)	beverly cal. corp. (5)	kms (4)	jpmchase (2)	nainland sw (6)	electricity newspaper (7)
wanger (8)	barclays bank (10)	sanford bernstein (11)	gvs (15)	env. protection cabinet (8)	lpfm (8)	tenla (3)	c16 (31)	kraft foods (17)	o. box 4666houston, texas (4)	humphreys school of musical theatre (4)	natural gas intellingence (6)	global financial products (8)	dcc (6)	channel 48 (4)	dems (11)	eei (9)	western connection interface (5)	tennessee gas pipeline company (8)	chiricahua vi llc (3)	6540 san felipe (2)	125 s. dakota avenuesioux falls, sd 57104 (21)	shell oil foundation (3)	enron exploration company (4)	consolidated freightways inc. (5)	equitas (4)	seat 02d (2)	namead (6)	esai (6)
brest (8)	exodus communications, inc. (10)	eeftl (11)	ees oec (14)	fedl govt affairs (8)	nyserda (8)	tz6ny (3)	b15 (31)	chevron products (17)	eott energy corp.p. (4)	wortham theater center (4)	northern alberta (6)	oprisk (8)	janus fund (6)	channel 45 (4)	daschle (11)	balli group (9)	px lcs (5)	ncph/aig (8)	chiricahua v llc (3)	scott chen (2)	ddp (21)	fort bend child advocates (3)	international gas limited (4)	seiu (5)	taisei engineering (4)	12sep (2)	western consuming region (6)	oil & gas journal online (6)
balearic islands (8)	ravenswood (10)	buy side direct (11)	hills & company (14)	e.u. (8)	cc&n (8)	subway (3)	b22 (31)	pharmaceutical group (17)	madera (4)	humphreys foundation (4)	m.l. no. 41 (6)	victoria station (8)	targetta (6)	channel 2 (4)	beaver creek (11)	palo alto (9)	california power exchange corporation (5)	northwest p/l (8)	chiricahua iv llc (3)	office of the chair of the (2)	exterra (20)	scoop media services (3)	ghx incorporated (4)	employment and training administration (5)	909 fannin, suite 3500 (4)	industrials and coal (2)	na na na nas. california (6)	aiesec przy szkole glownej handlowej (6)
aquilia energy (8)	ameren service company (10)	ospraie (11)	wattage monitor inc. (14)	jaworzno (8)	inktomi corporation (8)	sheppard (3)	mli k1 (30)	harpoentertainment (17)	jaguar (4)	sherman stdenver co 80261 (3)	m.l. (6)	houston chapter (8)	tnrcc (6)	cera (4)	borders road (11)	seoul (8)	dte energy tradingentergy servicesfirst energy solutions (5)	midcon texas (8)	chiricahua iii llc (3)	ebs hirko (2)	bronco (20)	investors business daily, inc. (3)	hammond suddards (4)	dial corp. (5)	euell energy (4)	brigham, (2)	first, portland, oregon 97201 (6)	tirol (6)
aquilia (8)	singapore crude financials (10)	ejc (11)	doyle power (14)	mecc (8)	cogeneration council (8)	ale/hou (3)	c4 (30)	artemis (17)	standing rock (3)	mavix (3)	dow hydrocarbons (6)	depelchin center (8)	hyatt downtown (6)	pacific bell (4)	holden road (11)	evergreen (8)	calpine energy servicces (5)	liberty mutual insurance company (8)	chiricahua ii llc (3)	ibm scott mcnealy (2)	manlove (20)	procter & gamble co. (3)	slaughter & may (4)	american eagle (5)	empresa (4)	cfpc (2)	coulee (6)	enterprise risk (6)
1301 longworth (8)	ipg ltd (10)	chase master (11)	pew center (14)	nerc roster (8)	aci (8)	east power trading team (3)	mcf/day (30)	areva (17)	west point dairy (3)	shelley cormans group (3)	permian basin (6)	cerberus (7)	bcca (6)	sprint business (4)	beaver creek, colorado (11)	petronas (8)	bp energy companyreliant energy services, inc. (5)	seaboard fire & marine (8)	utilityconsumers action network (3)	perminder bindra (2)	yc (20)	dartmouth college (3)	vinson & elkins international arbitration and litigation practice group (4)	labor departments employment and training administration (5)	grm (4)	pg&e energy trading, power l.p. (2)	volumes (6)	the inn at penn (6)
road town (8)	femsa empaques, s.a. de c.v. (10)	stone energy corporation (11)	pnt (14)	ministry of rationing (8)	dept of finance (8)	huntington memorial hospital (3)	paulding (29)	integrated network solutions (17)	olympic pipeline (3)	ecpower (3)	west texas waha (6)	rac dpr (7)	sports authority (6)	sprintrose (4)	asia pacific region (11)	pacific gas & electric (8)	1111 louisianahouston, tx 77002 (5)	piceance basin (8)	west power fundamentals (3)	ebs/ibm (2)	& bowen (20)	fairfield, conn. (3)	910 travis, 5th floor, houston, texas 77002 (4)	tenthcircuit (5)	pier ix (4)	ladies and gentlemen (2)	1800 (6)	ecmwf (6)
nbfi (8)	global sap (10)	tudor proprietary (10)	parziale (13)	thyssengas (8)	california public utilities (8)	paradise textile corp. (3)	young womans creek (27)	lifetime television networks (17)	special crimes unit (3)	qtr (3)	oasis pipe line (6)	brm (7)	northern gas pipeline route (6)	georgia institute of technology (4)	houston metropolitan racquet club (11)	pwc (8)	genia (5)	cig/wic (8)	gsb (3)	stanexecutive committee (2)	ca development (20)	louisville, ky. (3)	wine cellar (4)	ltv corp. (5)	atlantic basin team (4)	project oz (2)	824 sw first avenue (6)	raptor 4 (6)
st. tropez (8)	1400 smith street, eb 3815houston, texas 77002 (10)	parpak (10)	api task force (13)	cwe (8)	101 california, suite 1950 (8)	bay city flower co, inc. (3)	d3 (27)	pharmacia (17)	nbpl management committee (3)	trailblazer w/s.horton (3)	market hub partners (6)	enlighten (7)	texas heart institute (6)	fedex (4)	red sea (10)	libert (8)	pg&e canadian gas (5)	cantera (8)	enron wholesale restructuring group (3)	.businessweek (2)	mayflower (19)	northwestern memorial (3)	coronado club (4)	safety & health (5)	ajman (4)	pug winokur (2)	pde (6)	surat electricity (6)
aaa ecommerce (7)	agilon (9)	weiss, peck & greer (10)	quebec, canada (13)	caawg (7)	spoleto (8)	chroma systems partners (3)	transco zone 3 (27)	global prescriptions (17)	todoroff matter (3)	pavilion shopping center (3)	el paso/ena (6)	park lane (7)	milwaukee journal sentinel (6)	tls investors (4)	jordan (10)	sloan school of management (8)	sager (5)	denver, co 80210 (8)	kyotosanjo keage (3)	mccloud cellular (1)	d5a (19)	northwestern memorial hospital (3)	seminoles (4)	house education (5)	sharjah (4)	tx mass market (2)	west tot belden 2 (6)	ahmedabad (6)
easyspace (7)	ceili (9)	morgan stanley capital services inc. (10)	prime ministers office (13)	legislative affairs committee (7)	haas school (8)	castaic clay manufacturing co. (3)	avg (25)	j. p. morgan private bank (17)	l daily (3)	1800 post oak blvd. (3)	vig (6)	picadilly (7)	ge medical (6)	12th floor 5701 main street houston, tx 77005 (4)	eecc (10)	ahlstrom (8)	17apr houston tx wed (4)	wr-b (8)	stora enso (3)	enron net works, (1)	brazilian trust (19)	waukesha, wis. (3)	panobulk america (4)	d. minn. (5)	nh 7/25 (4)	cypress meridian resources (2)	cascade conference room (6)	torrent group (6)
& chang (7)	devx energy, inc. (9)	rabobank (10)	wg (13)	d-houston (7)	squaw valley (8)	nissin foods (usa) co., inc. (3)	restrictions (25)	agora poland (16)	project timber (3)	compass bank (3)	exner (6)	arthur_andersen (7)	chase bank (6)	mcn (4)	global products (10)	pg&e energy trading - power, l.p. (8)	hyda (4)	blanchard, georgia (8)	potlatch corporation (3)	technical infrastructure (1)	ca energy development (19)	ibd (3)	pan ocean ltd. (4)	northern district of illinois (5)	pacific basin (4)	cone gas (2)	blazer (6)	denryoku chuo kenkyuujou (6)
european notes administration (7)	calpine canada resources ltd. (9)	ndf (10)	xl capital (12)	ce2 (7)	mazatlan (8)	lockheed martin corporation (3)	imd (24)	retail operations (16)	indian mesa i (3)	fenstad satisfactory (3)	pacific northwest, california (6)	norman (7)	paribas (6)	apachi ees (4)	memorial park golf course (10)	power trading and origination (8)	oca (4)	rio nogales power plant (8)	potlatch corp. (3)	boston, ma 02110 (1)	shoemaker, kent (19)	bolivian embassy (3)	power plant co. (4)	ulp (5)	immingham (4)	cone pwr (2)	blazers (6)	damians (6)
west power customer web site (7)	encal energy limited (9)	talon i llc (10)	ees/oec federal services (12)	cbiee (7)	watson wyatt investment consulting (8)	tissurama industries, inc. (3)	nt web_gastraders group (24)	bpub (15)	rab (3)	compass banktransit (3)	whitecap energy (6)	ut alumni center (7)	swb (6)	tbd (4)	capitol (10)	bracewell (8)	michigan electric (4)	ypay (8)	cloquet, mn. (3)	one federal street (1)	edgecombe energy (19)	omni bank (3)	iec (4)	wolfson (5)	coeclerici (4)	var? corp (2)	river room (6)	oxford st. (6)
msj (7)	nordea (9)	toronto dominion (texas), inc. (10)	bahia (12)	coal business (7)	county adminstration center building (8)	sutter health system procurement (3)	c22 (23)	bengalla biz (15)	associate prc committee (3)	midland power (3)	peace river lateral (6)	connally ballroom (7)	myhomekey.com (6)	rocc (4)	sooners (10)	kafus (8)	tepac (4)	intratex (8)	enron europe industrial markets corp. (3)	greylock partners (1)	city of deerfield beech (19)	th lee (3)	azurix argentina (4)	washington state building & construction trades council (5)	continental fuel management (4)	cro (2)	midway/ (5)	copy center (6)
kpn n.v. (7)	first energy brokers as (9)	enron brazil power holdings xii ltd. (10)	domestic policy council (12)	bot (7)	clfp (8)	barton creek (3)	dthd (23)	magna international canada (15)	bakers factory (3)	thorugh finance (3)	aux sable liquids (6)	ena energy operations management team (7)	common stock (6)	tully stadium (4)	shreveport (10)	alaghband (8)	la salle bank (4)	louisiana resources (8)	mseb/dpc (3)	6033 north sheridan road unit 31c chicago, illinois 60618 (1)	enovate energy (19)	american communication services (3)	palmeiras (4)	longview energy development l.l.c. (5)	taj mahal (3)	cna (2)	namid-columbia (5)	tiger teams (6)
jeffries & co. (6)	norwegian energy brokers as (9)	mckeogh (10)	marianas (12)	wrta (6)	bowen & co. (8)	citi/ssb (3)	tennessee gas pipelineco. (23)	tppf (14)	computron (3)	p.o. box 1188houston, texas (3)	michigan consolidated gas co. (6)	cowboy rodeo (7)	t-rex (6)	eb50m (3)	bremen (9)	mesa, city (8)	gpu service (4)	napoleonville, la (8)	maharashtra energy regulatory commission (3)	enron public (1)	westinhouse (19)	moore business systems (3)	corinthians (4)	epicc (5)	enron lng atlantic ii (3)	brennans restaurant (2)	nw1 (5)	center of expertise (6)
etsi (6)	ucc lien (9)	itau (10)	usg matrix (12)	cvd (6)	mondavi (8)	mercer (3)	anr pipeline co. (23)	j.p. morgan stanley (14)	wiggly compression station (3)	p&s agr (3)	oakland county, mi. (6)	hp-boise (7)	1775 eye street, nwsuite 800washington, dc 20006 (6)	pulse (3)	sadaf (9)	fbi/doj (8)	ecn49c1 (4)	tianamen square (8)	the timber company (3)	hwy. (1)	fehr (18)	huntington condo (3)	northeast of brazil (4)	enron power & industrial construction co. (5)	pdvsa gas, s.a. (3)	enron. rick (2)	midwestiso (5)	m.i.t. (6)
o&m expense (6)	us gas phy fwd secondary firm (9)	bear stearns international limited (10)	isacs (12)	websource (6)	scott.doc (8)	audin (3)	mli k2 (20)	credit policy (14)	mesa i (3)	aa&co. portland (3)	highland townships (6)	bearkadettes (7)	carrier (6)	public safety & drug policy (3)	forest products group (9)	credit bradford (8)	smith day (4)	forbidden city (8)	georgia-pacific group (3)	traders village 7979 n. eldridge rd. 3/10 mile (1)	edgecombe llc (18)	operations communications center (3)	galeria jacques ardies (4)	california state building & construuction trades council (5)	bacton (3)	im software (2)	cob s/n (5)	en 6600 (6)
legalzoom.com (6)	us east power phy fwd firm (9)	valentis and cd holdings (9)	image center (12)	the national grid (6)	robert mondavi winery (8)	3760 darcus (3)	r1 (20)	living (14)	morgan stanley deanwitter trust fsb (3)	andersen oil & gas symposium (3)	joliet, il (6)	irims (7)	global sourcing (6)	datacentric (3)	enron japan corp. (9)	cp (8)	green mountain power corp.gpu service (4)	transenergie (8)	federal way, wash. (3)	land rover (1)	hrn (18)	south omaha (3)	brazilian supreme court (4)	lodi l.l.c. (5)	texas risk management (3)	wierton steel (2)	morro (5)	omin hotel (6)
clicknsettle (6)	cannat energy inc. (8)	s. cone (9)	sbi (12)	stakeholder committee (6)	sj mercury news (8)	north valley (3)	st 85 (20)	carrie cox (14)	reliant energy gas (2)	midwestern gas transmission company (3)	protection one (6)	yo ranch (7)	midamerican utility group (6)	green mountain energy (3)	honda (9)	hou (8)	camp cullen (4)	nemec (8)	enron asia pacific/africa/china llc (3)	ebs information security (1)	sonat park & loan (17)	hng- (3)	dahbol (4)	california state building & construction trade council (5)	procaribe (3)	rac groups (2)	west tot (5)	enron wind corp. (6)
om london exchange (6)	sceptre energy inc. (8)	riogas (9)	abegas (12)	bsc panel (6)	47c1 (8)	alliance pl (3)	penn fuel (20)	lex carroll (13)	board rm board rm (2)	gulf coast operations (3)	kge (6)	klein high school bearkadettes (7)	southern company (6)	harrahs (3)	thunderball (9)	owc (8)	tri valley growers (4)	hawkeyes (8)	enron japan holdings b.v. (3)	administrative committee (1)	mvg (17)	w.r. grace & co. (3)	dey (4)	ewsroseville energy development, l.l.c. (5)	mother ship (3)	sunil (2)	isos market surveillance committee (5)	sansom common (5)
houston pipe line co. (6)	orbian (8)	jp morgan equity (9)	enron methanol (12)	spanish gas (6)	times union (7)	cal 01 (3)	well (20)	kaf discounts (13)	board rm board (2)	1400 smith, 333 clay, 2900 n. loop (3)	kpl (6)	egmgeneral (7)	commonwealth edison (6)	genscape (3)	bocimar (9)	morgan stanley capital group inc. (7)	pg&e energy services corp. (4)	gerald (8)	china llc (3)	san diego, ca (1)	enron mw, l.l.c. (17)	telecom routing exchange developers, inc. (3)	mobil exxon (4)	ees/efs (5)	u.s. defense department (3)	credit reserve (2)	ashgrove (4)	texas a&m universitydepartment of mathematics (5)
enron comercializadora de energia ltda. (6)	cxy energy marketing, inc. (8)	moema (9)	ardmore building (12)	novell (6)	kramer junction (7)	associated electric coop (3)	wellterrebonne parish, lafacility 514800 (19)	catalano group (13)	ormat (2)	citrusnet (3)	western resourcespublic service company (6)	klein high school (7)	gulfstream (6)	team enron (3)	e-power japan (9)	bracewell & patterson (7)	hodes, ulman, pessin & katz, pa (4)	sofregaz (8)	enron japan marketing holdings b.v. (3)	rancho bernardo inn (1)	salmon energy llc (17)	terremark (3)	golden state warriors (4)	progascouti (5)	compaq computer?corp. (3)	power pooltrader (2)	18.25 (4)	gmac (5)
enron trade services, inc. (6)	energy west resources, inc. (8)	beaux freres (9)	enron hanger (12)	nucor (6)	enron telecommunications, inc. (7)	mjmuc (3)	station 40 (18)	fortunes international (13)	enron fire (2)	project tangerine (3)	uecomm, ltd. (6)	dugout (7)	alnwick castle (6)	bellville (3)	1400 smith streetsuite 3640ahouston, tx 77002 (9)	ferc matters regulatory (7)	sellers choice hub (4)	enron building 3886 (8)	texas ecommerce association (3)	ny827 (1)	ft pierce (17)	terremark communications (3)	dallas mavericks (4)	eko-electrica (5)	camaro (3)	committees (2)	na4 (4)	sali kongresowej (5)
icis-lor group ltd (6)	gsx (8)	first union securities, inc. (9)	epsc/ees (12)	national collegiate athletic association (6)	portland, or 97232 (7)	northern florida (3)	opt (18)	north america vehicle operations (13)	el pasostan (2)	global accounting prc (3)	enron transportation service (6)	utopia (6)	ntr (6)	national multiple sclerosis society (3)	puerto rico (9)	leboeuf lamb greene & mcrae (7)	enron wholesale servicespower trading (4)	atkinson (7)	coral energy resources l.p. (3)	union carbide corp. (1)	kay (17)	utc corporate treasury (3)	minnesota timberwolves (4)	pge/ibew (5)	corvette (3)	carsonprivate equity trading (2)	consumer power and conservationfinancing authority (4)	europie (5)
mexichem (6)	marcal (8)	ectef inc (9)	tx puc (12)	commonwealth north (6)	icsc (7)	spyglass hill (3)	parish, lafacility 820010, tennessee la. zone (17)	allegheny peakers (12)	kirk stevens (2)	oma7c2 (3)	enron corpbusiness controlsoffice (6)	capital books (6)	trakya (6)	enron transportation servicesp.o. (3)	eb30c2 (9)	imola (7)	3cbyoung (4)	enap (7)	internetcapital group (3)	dow chemical co. (1)	njr (17)	bombardier (3)	nita (4)	funkhouser (5)	pentium iii (3)	bradfordretail credit (2)	ondarza (4)	polske (5)
fersinsa (6)	benson petroleum ltd. (8)	milestone (8)	adb (12)	aceera (6)	isenberg (7)	spyglass hill golf course (3)	sta. 90 (17)	everypath, inc. (12)	eott clean fuels, l.p. (2)	standard charter (3)	crisis center (6)	ect group (6)	belgravia (6)	ytc (3)	fortune magazine time inc. (9)	lavorato (7)	cintron (4)	1400 smitheb3877houston, texas (7)	pulp& paper (3)	archdiocese of chicago (1)	sweetgum (17)	900b (3)	federal bar association (4)	520 madison ave., 28th floornew york, ny 10022 (5)	latitude ls (3)	capricorn management, (2)	mcconville (4)	sgh (5)
grupo maseca (6)	port townsend (8)	ena/citi (8)	synagro (12)	taisnisres (6)	department of managed health care (7)	great bay power (3)	williams energy marketing (17)	mtv group (12)	state street bank and trust (2)	kayenta boys & girls club (3)	hugoton (6)	wilson learning (6)	blackstone group (6)	san felipe (3)	abc (9)	udm/ese (7)	northern wasco county, ore. (4)	troy grove (7)	scandinavian power (3)	solvay polymers inc. (1)	jk group (17)	gulstream (3)	cooley law school (4)	newcastle (5)	precision 620 (3)	spokane (2)	sokol blosser (4)	sgpis (5)
gas natural de juarez (6)	malik auto center (8)	ocean energy (8)	enron task force (12)	blaregnies (6)	bighorn golf club (7)	108 (3)	park city, utah (17)	southafrica (12)	robore (2)	kayenta (3)	hottap helpdesk (6)	gia (6)	ubs warburg llc (6)	sector-16faridabad 121002, india (3)	ice (9)	vp performance review (7)	eugene, ore. (4)	qingdao (7)	enroneurope (3)	saks inc. (1)	mdc (16)	the little nell (3)	macomb county probate bar association (4)	ck witco corp. (4)	optiplex gx200 (3)	ip transit (2)	sutter plants (4)	enron poland (5)
grupo industrial saltillo (6)	nexen petroleum u.s.a. inc. (8)	sunrise capital (8)	pfi (12)	gdf-trading (6)	palm desert (7)	grigsby (3)	deer valley resort (17)	m-cell (12)	zond (2)	ets p&sm (3)	titanic (6)	u.t. (6)	ibp (6)	1, h.q., s.c.o. (3)	treasury department (9)	eb47c1 (7)	clark, wash. (4)	monkey pump (6)	booz allen (3)	harrahs entertainment inc. (1)	truste (16)	10201 west pico blvd.beverly hills, ca 90213 (3)	traverse city (4)	houston court of appeals (4)	55 precision workstation 420s (3)	lacrecia (2)	na na na (4)	war/ect (5)
arancia (6)	cxy energy inc. (8)	campbell+ co (8)	providence gas (12)	gdf-transportation (6)	davis department of finance (7)	ox and bland (3)	pleasant valley (16)	fidelitymanagement (12)	first analysis corp (2)	scb (3)	third world (6)	-tr (6)	isac (6)	chambers (3)	center for public integrity (9)	pike county (7)	psd (4)	@sys32.hou.wt.net (6)	camelot (3)	atlantic city, n.j. (1)	plug (16)	bauer college of business (2)	institute of continuing legal education (4)	potomac corp. (4)	poweredge 8450s (3)	jedi ii partnership (2)	quad cities (4)	rica del sur (5)
grupo ferroviario mexicano (6)	northland energy trading, llc (8)	global advisors (8)	z365 (11)	commission de regulation de lelectricit (6)	excursion (7)	savannah foods (3)	area 8 market area 26 (16)	enw - energy (11)	ml03 (2)	632 e. 12 1/2 streethouston, tx 77019 (3)	hobbs area (6)	prc 09 (6)	bses (6)	reliant energy (3)	dakota, llc (9)	enron global markets global products (7)	valley energy (4)	acapulco (6)	power east (3)	mahrashtra (1)	mgpsa (16)	ward & ames (2)	law, weathers & richardson, p.c. (4)	nortech waste (4)	calcutta (3)	dpc lng (2)	coronado #1 (4)	enron am (5)
grupo minero mexico (6)	ecr energy, llc (8)	paloma partners (8)	spcc (11)	french government (6)	1600 pacific highway (7)	ees north (3)	canajoharie (16)	8890 (11)	ml04 (2)	post oak blvd. (3)	tw commercial group (6)	clickpapaer (6)	ntpc (6)	tls (3)	dpr holding company, llc (9)	2991 (7)	cortdlandt (4)	396 west greens road #603p.o. box 4697houston, texas 77067 (6)	les echos (3)	bankof america corp. (1)	energy8 (16)	antioch missionary baptist church (2)	smith haughey rice & roegge (4)	foods northeast (4)	dell news (3)	spec tech (2)	rockport (4)	breckenridge, colorado (5)
cydsa (6)	dominion retail, inc. (8)	amaranth (8)	enron wto (11)	parisbourse (6)	telebears (7)	rainbow lodge (3)	oglethorpe (16)	companhiasiderurgicanacional (11)	black mesa pipeline (2)	maggianos little italy (3)	ets gas control (6)	40 grosvenor placelondon sw1x 7en (6)	hindu (6)	california university (3)	ncaa (9)	beck/hall (7)	nhec (4)	ice house (6)	camden gp, l.l.c.cogen technologies (3)	lancer analytics (1)	st. francis episcopal day school (16)	first united methodist church (2)	wcac (4)	gourmet (4)	dell news network (3)	federated co-operatives limited (2)	socalborder (4)	phila (5)
industrias pe&oles (6)	cng retail services corporation (8)	anguila (8)	world services congress (11)	french system operator (6)	bordeaux (7)	canada power (3)	trco (16)	missile systems raytheon (11)	eott board compensation (2)	eod (3)	westcoast and coastal (5)	mits/eol (6)	1400 smith street (6)	versailles room (3)	socal (9)	tribolet (7)	laboeuf (4)	396 west greens road #603p.o. box 4697houston, texas (6)	datek online holdings (3)	thomson financial/ (1)	esma (16)	new york firefighters and police officers fund (2)	epic (4)	tree of life inc. (4)	tanker freight (3)	oi (2)	portland, or 97204 (4)	enron broadband services, inc.procurement, logistics, and contracts (5)
quimica del rey (6)	minerals managment services (8)	sac capital (8)	ridges (11)	french state (6)	deans office (7)	university of western ontario (3)	fss (16)	grupo modelo (11)	equilons board (2)	aa&co (3)	questar pipeline (5)	phr (6)	hng (6)	breckenridge (3)	j-block (9)	acctg (6)	toronto-dominionlc (4)	gordonsville (6)	e*trade group (3)	simmons (1)	netl (16)	sysco corporation (2)	mama attorneys institute (4)	freund baking co. (4)	enron global markets - office (3)	ray- steel (2)	ice volumes (4)	secom (5)
ispat mexicana (6)	douglas co. (8)	tudor offshore (8)	shepherd warehouse (11)	pgc (6)	gspp (7)	university avevue (3)	parish, lafacility 514800 (16)	burberry (11)	bakersfield gas plant (2)	clay streethouston, texas 77002 (3)	m.l. 104 (5)	ena/eops (6)	amgen (5)	rice alp (3)	the met (9)	enron credit limited (6)	pge canada (4)	w. alabama (6)	greenhouse fund (3)	yokohama harbor (1)	ena/ppl (16)	enron common (2)	argentine supreme court (4)	wild oats markets inc. (4)	mckinsey railroad (3)	susman & godfrey (2)	inter-continental exchange (4)	skunkworks (5)
hylsa sa de cv (6)	washington water power division (8)	dkr (8)	savett frutkin podell & ryan, p.c. (11)	ontario power gen (6)	netratings (6)	mercer st (3)	dinari (15)	val (11)	salamon smith barney (2)	uscg (3)	guardian, horizon (5)	greens road (6)	occidental petroleum (5)	box (3)	thor (9)	enron capital & trade resources international corp. (6)	pg&e/ena (4)	oge (6)	rtrsy (3)	charles schwab (1)	mann/c (16)	chewco, whitewing and marlin (2)	9th circuit of the u.s. ct. of appeals (4)	global performance management team (4)	dpc/.metgas (3)	rickpg&e (1)	fernandos hideaway (4)	warszawa, polska (4)
weston house agriculture committee (6)	gencore (8)	enron europe finance and trading limited (8)	iberia (11)	rmcdonald (6)	herndon - bullard (6)	andea reed (3)	kent bayou fieldcontinental land & fur 11 (15)	shellgroup (11)	koch psa (2)	pge/ets (3)	kern river and northwest pipeline (5)	hwy 59 (6)	d-ma (5)	enron box (3)	south africa (8)	lme (6)	nyseg pjm (4)	maverick (6)	reuters group (3)	mbo (1)	embraer (16)	wcs (2)	richard grove (4)	monsanto co. (4)	enrion india (3)	rac houston (1)	salmon street (4)	wnt (4)